facility_name,day,bucket_index,time_bucket_15,avg_percent,sample_count,median_percent,p75_percent,confidence
Main Gym Fitness Gym,Monday,24,06:00,1.1538461538461537,13,1.0,1.0,High
Main Gym Fitness Gym,Monday,25,06:15,5.923076923076923,13,3.0,8.0,High
Main Gym Fitness Gym,Monday,26,06:30,15.846153846153847,13,17.0,24.0,High
Main Gym Fitness Gym,Monday,27,06:45,14.76923076923077,13,12.0,17.0,High
Main Gym Fitness Gym,Monday,28,07:00,15.76923076923077,13,14.0,19.0,High
Main Gym Fitness Gym,Monday,29,07:15,7.384615384615385,13,6.0,11.0,High
Main Gym Fitness Gym,Monday,30,07:30,8.461538461538462,13,8.0,14.0,High
Main Gym Fitness Gym,Monday,31,07:45,15.692307692307692,13,14.0,22.0,High
Main Gym Fitness Gym,Monday,32,08:00,21.923076923076923,13,24.0,29.0,High
Main Gym Fitness Gym,Monday,33,08:15,25.53846153846154,13,19.0,25.0,High
Main Gym Fitness Gym,Monday,34,08:30,27.346153846153847,13,24.0,28.0,High
Main Gym Fitness Gym,Monday,35,08:45,26.23076923076923,13,24.0,28.0,High
Main Gym Fitness Gym,Monday,36,09:00,29.653846153846153,13,22.0,29.0,High
Main Gym Fitness Gym,Monday,37,09:15,27.384615384615383,13,21.0,28.0,High
Main Gym Fitness Gym,Monday,38,09:30,30.807692307692307,13,29.0,32.5,High
Main Gym Fitness Gym,Monday,39,09:45,34.15384615384615,13,24.0,31.0,High
Main Gym Fitness Gym,Monday,40,10:00,44.07692307692308,13,25.0,31.0,High
Main Gym Fitness Gym,Monday,41,10:15,37.30769230769231,13,28.0,31.0,High
Main Gym Fitness Gym,Monday,42,10:30,41.34615384615385,13,24.0,26.0,High
Main Gym Fitness Gym,Monday,43,10:45,37.0,13,31.0,33.0,High
Main Gym Fitness Gym,Monday,44,11:00,39.19230769230769,13,38.0,46.0,High
Main Gym Fitness Gym,Monday,45,11:15,38.61538461538461,13,33.0,43.0,High
Main Gym Fitness Gym,Monday,46,11:30,36.61538461538461,13,29.0,49.0,High
Main Gym Fitness Gym,Monday,47,11:45,54.791666666666664,12,31.0,57.0,High
Main Gym Fitness Gym,Monday,48,12:00,38.36363636363637,11,36.0,42.0,Medium
Main Gym Fitness Gym,Monday,49,12:15,35.333333333333336,12,29.0,39.75,High
Main Gym Fitness Gym,Monday,50,12:30,38.42307692307692,13,33.0,38.0,High
Main Gym Fitness Gym,Monday,51,12:45,43.73076923076923,13,38.0,46.0,High
Main Gym Fitness Gym,Monday,52,13:00,46.15384615384615,13,36.0,53.0,High
Main Gym Fitness Gym,Monday,53,13:15,67.42307692307692,13,39.0,99.0,High
Main Gym Fitness Gym,Monday,54,13:30,45.38461538461539,13,43.0,58.0,High
Main Gym Fitness Gym,Monday,55,13:45,42.19230769230769,13,32.0,47.0,High
Main Gym Fitness Gym,Monday,56,14:00,48.23076923076923,13,42.0,57.0,High
Main Gym Fitness Gym,Monday,57,14:15,49.30769230769231,13,33.0,50.0,High
Main Gym Fitness Gym,Monday,58,14:30,59.57692307692308,13,33.0,50.0,High
Main Gym Fitness Gym,Monday,59,14:45,42.458333333333336,12,37.0,40.75,High
Main Gym Fitness Gym,Monday,60,15:00,51.92307692307692,13,42.0,69.0,High
Main Gym Fitness Gym,Monday,61,15:15,40.19230769230769,13,29.0,42.0,High
Main Gym Fitness Gym,Monday,62,15:30,38.083333333333336,12,28.5,38.25,High
Main Gym Fitness Gym,Monday,63,15:45,39.916666666666664,12,32.0,40.75,High
Main Gym Fitness Gym,Monday,64,16:00,61.166666666666664,12,38.5,57.75,High
Main Gym Fitness Gym,Monday,65,16:15,37.40909090909091,11,35.0,47.0,Medium
Main Gym Fitness Gym,Monday,66,16:30,47.958333333333336,12,47.0,60.0,High
Main Gym Fitness Gym,Monday,67,16:45,45.458333333333336,12,43.0,52.75,High
Main Gym Fitness Gym,Monday,68,17:00,46.0,12,43.0,50.0,High
Main Gym Fitness Gym,Monday,69,17:15,45.38461538461539,13,43.0,49.0,High
Main Gym Fitness Gym,Monday,70,17:30,53.76923076923077,13,51.0,71.0,High
Main Gym Fitness Gym,Monday,71,17:45,68.20833333333333,12,38.0,70.5,High
Main Gym Fitness Gym,Monday,72,18:00,62.69230769230769,13,39.0,67.0,High
Main Gym Fitness Gym,Monday,73,18:15,46.73076923076923,13,35.0,56.0,High
Main Gym Fitness Gym,Monday,74,18:30,78.84615384615384,13,36.0,99.0,High
Main Gym Fitness Gym,Monday,75,18:45,48.34615384615385,13,40.0,51.0,High
Main Gym Fitness Gym,Monday,76,19:00,50.11538461538461,13,40.0,57.0,High
Main Gym Fitness Gym,Monday,77,19:15,47.96153846153846,13,43.0,53.0,High
Main Gym Fitness Gym,Monday,78,19:30,44.19230769230769,13,39.0,50.0,High
Main Gym Fitness Gym,Monday,79,19:45,63.03846153846154,13,43.0,58.0,High
Main Gym Fitness Gym,Monday,80,20:00,44.5,13,33.0,72.0,High
Main Gym Fitness Gym,Monday,81,20:15,41.11538461538461,13,31.0,46.0,High
Main Gym Fitness Gym,Monday,82,20:30,47.34615384615385,13,43.0,57.0,High
Main Gym Fitness Gym,Monday,83,20:45,41.42307692307692,13,35.0,46.0,High
Main Gym Fitness Gym,Monday,84,21:00,42.5,13,38.0,40.0,High
Main Gym Fitness Gym,Monday,85,21:15,43.69230769230769,13,32.0,49.0,High
Main Gym Fitness Gym,Monday,86,21:30,43.53846153846154,13,40.0,44.0,High
Main Gym Fitness Gym,Monday,87,21:45,43.30769230769231,13,38.0,53.0,High
Main Gym Fitness Gym,Monday,88,22:00,43.333333333333336,12,37.0,47.5,High
Main Gym Fitness Gym,Monday,89,22:15,39.80769230769231,13,32.0,44.0,High
Main Gym Fitness Gym,Monday,90,22:30,47.833333333333336,12,28.5,56.25,High
Main Gym Fitness Gym,Monday,91,22:45,32.61538461538461,13,24.0,36.0,High
Main Gym Fitness Gym,Tuesday,24,06:00,2.269230769230769,13,1.0,1.0,High
Main Gym Fitness Gym,Tuesday,25,06:15,11.5,13,6.0,15.0,High
Main Gym Fitness Gym,Tuesday,26,06:30,22.0,13,15.0,22.0,High
Main Gym Fitness Gym,Tuesday,27,06:45,17.423076923076923,13,14.0,15.0,High
Main Gym Fitness Gym,Tuesday,28,07:00,19.576923076923077,13,14.0,19.0,High
Main Gym Fitness Gym,Tuesday,29,07:15,20.423076923076923,13,14.0,18.0,High
Main Gym Fitness Gym,Tuesday,30,07:30,18.923076923076923,13,14.0,17.0,High
Main Gym Fitness Gym,Tuesday,31,07:45,28.96153846153846,13,14.0,18.0,High
Main Gym Fitness Gym,Tuesday,32,08:00,33.333333333333336,12,22.0,29.5,High
Main Gym Fitness Gym,Tuesday,33,08:15,22.791666666666668,12,21.5,33.5,High
Main Gym Fitness Gym,Tuesday,34,08:30,21.791666666666668,12,19.0,29.5,High
Main Gym Fitness Gym,Tuesday,35,08:45,20.0,12,17.5,20.25,High
Main Gym Fitness Gym,Tuesday,36,09:00,21.666666666666668,12,19.5,28.25,High
Main Gym Fitness Gym,Tuesday,37,09:15,22.40909090909091,11,22.5,26.5,Medium
Main Gym Fitness Gym,Tuesday,38,09:30,27.73076923076923,13,32.0,38.0,High
Main Gym Fitness Gym,Tuesday,39,09:45,29.916666666666668,12,26.5,29.5,High
Main Gym Fitness Gym,Tuesday,40,10:00,25.791666666666668,12,24.5,32.75,High
Main Gym Fitness Gym,Tuesday,41,10:15,26.384615384615383,13,29.0,36.0,High
Main Gym Fitness Gym,Tuesday,42,10:30,24.291666666666668,12,24.0,29.125,High
Main Gym Fitness Gym,Tuesday,43,10:45,25.791666666666668,12,26.75,31.25,High
Main Gym Fitness Gym,Tuesday,44,11:00,35.53846153846154,13,38.0,44.0,High
Main Gym Fitness Gym,Tuesday,45,11:15,27.5,12,28.5,34.25,High
Main Gym Fitness Gym,Tuesday,46,11:30,26.727272727272727,11,26.0,33.0,Medium
Main Gym Fitness Gym,Tuesday,47,11:45,32.791666666666664,12,25.75,34.5,High
Main Gym Fitness Gym,Tuesday,48,12:00,31.25,12,24.5,36.75,High
Main Gym Fitness Gym,Tuesday,49,12:15,27.208333333333332,12,23.0,32.75,High
Main Gym Fitness Gym,Tuesday,50,12:30,46.0,12,34.0,47.0,High
Main Gym Fitness Gym,Tuesday,51,12:45,38.875,12,30.0,37.0,High
Main Gym Fitness Gym,Tuesday,52,13:00,33.0,12,30.5,42.25,High
Main Gym Fitness Gym,Tuesday,53,13:15,27.272727272727273,11,28.0,30.0,Medium
Main Gym Fitness Gym,Tuesday,54,13:30,32.041666666666664,12,34.25,38.0,High
Main Gym Fitness Gym,Tuesday,55,13:45,44.73076923076923,13,31.0,47.0,High
Main Gym Fitness Gym,Tuesday,56,14:00,50.72727272727273,11,38.0,50.0,Medium
Main Gym Fitness Gym,Tuesday,57,14:15,34.92307692307692,13,33.0,35.0,High
Main Gym Fitness Gym,Tuesday,58,14:30,56.44444444444444,9,32.0,47.0,Medium
Main Gym Fitness Gym,Tuesday,59,14:45,32.0,10,32.0,36.0,Medium
Main Gym Fitness Gym,Tuesday,60,15:00,31.181818181818183,11,32.0,36.5,Medium
Main Gym Fitness Gym,Tuesday,61,15:15,50.0,10,36.5,46.0,Medium
Main Gym Fitness Gym,Tuesday,62,15:30,58.0,10,41.0,55.25,Medium
Main Gym Fitness Gym,Tuesday,63,15:45,67.54545454545455,11,38.0,76.0,Medium
Main Gym Fitness Gym,Tuesday,64,16:00,60.3,10,43.0,51.5,Medium
Main Gym Fitness Gym,Tuesday,65,16:15,43.72727272727273,11,33.0,44.0,Medium
Main Gym Fitness Gym,Tuesday,66,16:30,31.5,10,27.0,35.25,Medium
Main Gym Fitness Gym,Tuesday,67,16:45,33.27272727272727,11,25.0,43.5,Medium
Main Gym Fitness Gym,Tuesday,68,17:00,58.2,10,42.5,52.25,Medium
Main Gym Fitness Gym,Tuesday,69,17:15,43.0,9,47.0,50.0,Medium
Main Gym Fitness Gym,Tuesday,70,17:30,40.5,10,42.0,46.75,Medium
Main Gym Fitness Gym,Tuesday,71,17:45,39.6,10,35.5,43.5,Medium
Main Gym Fitness Gym,Tuesday,72,18:00,40.45454545454545,11,38.0,48.5,Medium
Main Gym Fitness Gym,Tuesday,73,18:15,48.1,10,41.0,56.0,Medium
Main Gym Fitness Gym,Tuesday,74,18:30,86.5,10,46.0,58.5,Medium
Main Gym Fitness Gym,Tuesday,75,18:45,35.36363636363637,11,32.0,45.0,Medium
Main Gym Fitness Gym,Tuesday,76,19:00,32.72727272727273,11,36.0,38.0,Medium
Main Gym Fitness Gym,Tuesday,77,19:15,54.40909090909091,11,32.0,43.0,Medium
Main Gym Fitness Gym,Tuesday,78,19:30,31.227272727272727,11,35.0,38.5,Medium
Main Gym Fitness Gym,Tuesday,79,19:45,41.09090909090909,11,31.0,44.5,Medium
Main Gym Fitness Gym,Tuesday,80,20:00,43.72727272727273,11,26.0,38.5,Medium
Main Gym Fitness Gym,Tuesday,81,20:15,30.863636363636363,11,32.0,40.5,Medium
Main Gym Fitness Gym,Tuesday,82,20:30,36.05,10,26.0,34.0,Medium
Main Gym Fitness Gym,Tuesday,83,20:45,31.65,10,29.0,40.75,Medium
Main Gym Fitness Gym,Tuesday,84,21:00,29.166666666666668,9,28.0,39.0,Medium
Main Gym Fitness Gym,Tuesday,85,21:15,44.72727272727273,11,38.0,49.5,Medium
Main Gym Fitness Gym,Tuesday,86,21:30,42.55555555555556,9,26.0,43.0,Medium
Main Gym Fitness Gym,Tuesday,87,21:45,37.1,10,32.0,39.5,Medium
Main Gym Fitness Gym,Tuesday,88,22:00,31.88888888888889,9,26.0,38.0,Medium
Main Gym Fitness Gym,Tuesday,89,22:15,25.2,10,25.0,36.25,Medium
Main Gym Fitness Gym,Tuesday,90,22:30,23.7,10,27.5,31.0,Medium
Main Gym Fitness Gym,Tuesday,91,22:45,17.0,9,17.0,24.0,Medium
Main Gym Fitness Gym,Wednesday,24,06:00,3.0,6,3.0,3.75,Medium
Main Gym Fitness Gym,Wednesday,25,06:15,8.166666666666666,6,7.5,11.0,Medium
Main Gym Fitness Gym,Wednesday,26,06:30,11.833333333333334,6,15.0,17.25,Medium
Main Gym Fitness Gym,Wednesday,27,06:45,9.0,6,8.0,11.0,Medium
Main Gym Fitness Gym,Wednesday,28,07:00,6.333333333333333,6,5.0,10.5,Medium
Main Gym Fitness Gym,Wednesday,29,07:15,11.571428571428571,7,11.0,11.5,Medium
Main Gym Fitness Gym,Wednesday,30,07:30,11.0,6,9.0,11.5,Medium
Main Gym Fitness Gym,Wednesday,31,07:45,23.0,6,16.0,24.0,Medium
Main Gym Fitness Gym,Wednesday,32,08:00,15.166666666666666,6,17.5,22.5,Medium
Main Gym Fitness Gym,Wednesday,33,08:15,11.833333333333334,6,12.5,17.0,Medium
Main Gym Fitness Gym,Wednesday,34,08:30,18.166666666666668,6,16.0,22.25,Medium
Main Gym Fitness Gym,Wednesday,35,08:45,17.857142857142858,7,19.0,20.0,Medium
Main Gym Fitness Gym,Wednesday,36,09:00,38.5,6,21.5,45.25,Medium
Main Gym Fitness Gym,Wednesday,37,09:15,23.5,7,25.0,29.0,Medium
Main Gym Fitness Gym,Wednesday,38,09:30,24.77777777777778,9,25.0,32.0,Medium
Main Gym Fitness Gym,Wednesday,39,09:45,24.0,7,22.0,28.5,Medium
Main Gym Fitness Gym,Wednesday,40,10:00,34.285714285714285,7,40.0,43.5,Medium
Main Gym Fitness Gym,Wednesday,41,10:15,26.625,8,25.0,30.5,Medium
Main Gym Fitness Gym,Wednesday,42,10:30,41.333333333333336,9,26.0,40.0,Medium
Main Gym Fitness Gym,Wednesday,43,10:45,21.0,8,24.0,26.0,Medium
Main Gym Fitness Gym,Wednesday,44,11:00,29.625,8,30.0,38.0,Medium
Main Gym Fitness Gym,Wednesday,45,11:15,21.75,8,22.5,28.0,Medium
Main Gym Fitness Gym,Wednesday,46,11:30,32.6,10,30.0,41.0,Medium
Main Gym Fitness Gym,Wednesday,47,11:45,33.111111111111114,9,25.0,36.0,Medium
Main Gym Fitness Gym,Wednesday,48,12:00,35.55555555555556,9,32.0,38.0,Medium
Main Gym Fitness Gym,Wednesday,49,12:15,42.125,8,37.5,49.25,Medium
Main Gym Fitness Gym,Wednesday,50,12:30,44.0,10,37.5,53.5,Medium
Main Gym Fitness Gym,Wednesday,51,12:45,31.22222222222222,9,29.0,43.0,Medium
Main Gym Fitness Gym,Wednesday,52,13:00,32.6,10,27.0,40.25,Medium
Main Gym Fitness Gym,Wednesday,53,13:15,35.333333333333336,9,28.0,35.0,Medium
Main Gym Fitness Gym,Wednesday,54,13:30,36.888888888888886,9,35.0,39.0,Medium
Main Gym Fitness Gym,Wednesday,55,13:45,26.666666666666668,9,28.0,33.0,Medium
Main Gym Fitness Gym,Wednesday,56,14:00,32.36363636363637,11,36.0,38.5,Medium
Main Gym Fitness Gym,Wednesday,57,14:15,26.8,10,27.5,32.0,Medium
Main Gym Fitness Gym,Wednesday,58,14:30,36.4,10,37.0,48.25,Medium
Main Gym Fitness Gym,Wednesday,59,14:45,69.18181818181819,11,35.0,63.0,Medium
Main Gym Fitness Gym,Wednesday,60,15:00,65.4,10,45.5,50.75,Medium
Main Gym Fitness Gym,Wednesday,61,15:15,28.9,10,27.0,38.0,Medium
Main Gym Fitness Gym,Wednesday,62,15:30,37.45454545454545,11,38.0,43.5,Medium
Main Gym Fitness Gym,Wednesday,63,15:45,55.2,10,43.0,60.75,Medium
Main Gym Fitness Gym,Wednesday,64,16:00,41.45454545454545,11,39.0,48.0,Medium
Main Gym Fitness Gym,Wednesday,65,16:15,33.041666666666664,12,34.0,36.75,High
Main Gym Fitness Gym,Wednesday,66,16:30,48.2,10,44.0,53.75,Medium
Main Gym Fitness Gym,Wednesday,67,16:45,42.833333333333336,12,40.5,54.25,High
Main Gym Fitness Gym,Wednesday,68,17:00,41.916666666666664,12,45.0,51.0,High
Main Gym Fitness Gym,Wednesday,69,17:15,40.54545454545455,11,32.0,44.5,Medium
Main Gym Fitness Gym,Wednesday,70,17:30,35.4,10,34.0,45.25,Medium
Main Gym Fitness Gym,Wednesday,71,17:45,37.2,10,30.5,39.75,Medium
Main Gym Fitness Gym,Wednesday,72,18:00,37.9,10,37.5,45.5,Medium
Main Gym Fitness Gym,Wednesday,73,18:15,41.0,10,35.5,45.75,Medium
Main Gym Fitness Gym,Wednesday,74,18:30,55.9,10,42.0,46.0,Medium
Main Gym Fitness Gym,Wednesday,75,18:45,47.3,10,41.5,49.0,Medium
Main Gym Fitness Gym,Wednesday,76,19:00,37.1,10,35.5,42.0,Medium
Main Gym Fitness Gym,Wednesday,77,19:15,37.1,10,44.0,45.5,Medium
Main Gym Fitness Gym,Wednesday,78,19:30,35.8,10,39.5,43.75,Medium
Main Gym Fitness Gym,Wednesday,79,19:45,31.6,10,30.0,35.25,Medium
Main Gym Fitness Gym,Wednesday,80,20:00,34.0,10,38.5,41.5,Medium
Main Gym Fitness Gym,Wednesday,81,20:15,34.6,10,37.0,39.75,Medium
Main Gym Fitness Gym,Wednesday,82,20:30,33.9,10,38.0,39.0,Medium
Main Gym Fitness Gym,Wednesday,83,20:45,33.0,10,32.0,38.75,Medium
Main Gym Fitness Gym,Wednesday,84,21:00,39.888888888888886,9,43.0,49.0,Medium
Main Gym Fitness Gym,Wednesday,85,21:15,33.0,10,28.5,38.75,Medium
Main Gym Fitness Gym,Wednesday,86,21:30,32.111111111111114,9,31.0,39.0,Medium
Main Gym Fitness Gym,Wednesday,87,21:45,28.6,10,27.5,31.25,Medium
Main Gym Fitness Gym,Wednesday,88,22:00,35.0,10,32.5,45.75,Medium
Main Gym Fitness Gym,Wednesday,89,22:15,40.7,10,44.5,53.0,Medium
Main Gym Fitness Gym,Wednesday,90,22:30,33.6,10,31.5,42.5,Medium
Main Gym Fitness Gym,Wednesday,91,22:45,28.454545454545453,11,21.0,33.5,Medium
Main Gym Fitness Gym,Thursday,24,06:00,1.4545454545454546,11,1.0,1.0,Medium
Main Gym Fitness Gym,Thursday,25,06:15,4.090909090909091,11,3.0,6.5,Medium
Main Gym Fitness Gym,Thursday,26,06:30,11.272727272727273,11,11.0,15.5,Medium
Main Gym Fitness Gym,Thursday,27,06:45,15.833333333333334,12,11.0,17.5,High
Main Gym Fitness Gym,Thursday,28,07:00,18.09090909090909,11,19.0,26.0,Medium
Main Gym Fitness Gym,Thursday,29,07:15,10.0,11,8.0,12.0,Medium
Main Gym Fitness Gym,Thursday,30,07:30,15.636363636363637,11,11.0,20.0,Medium
Main Gym Fitness Gym,Thursday,31,07:45,20.5,12,18.0,26.5,High
Main Gym Fitness Gym,Thursday,32,08:00,18.454545454545453,11,21.0,24.5,Medium
Main Gym Fitness Gym,Thursday,33,08:15,17.181818181818183,11,15.0,25.5,Medium
Main Gym Fitness Gym,Thursday,34,08:30,18.0,11,18.0,20.0,Medium
Main Gym Fitness Gym,Thursday,35,08:45,28.083333333333332,12,24.5,30.5,High
Main Gym Fitness Gym,Thursday,36,09:00,25.90909090909091,11,24.0,31.0,Medium
Main Gym Fitness Gym,Thursday,37,09:15,24.636363636363637,11,21.0,30.0,Medium
Main Gym Fitness Gym,Thursday,38,09:30,27.545454545454547,11,24.0,37.5,Medium
Main Gym Fitness Gym,Thursday,39,09:45,25.636363636363637,11,21.0,31.5,Medium
Main Gym Fitness Gym,Thursday,40,10:00,31.3,10,26.0,36.75,Medium
Main Gym Fitness Gym,Thursday,41,10:15,29.9,10,24.0,28.25,Medium
Main Gym Fitness Gym,Thursday,42,10:30,32.0,12,23.5,32.75,High
Main Gym Fitness Gym,Thursday,43,10:45,33.0,10,24.5,30.5,Medium
Main Gym Fitness Gym,Thursday,44,11:00,32.0,10,34.0,41.5,Medium
Main Gym Fitness Gym,Thursday,45,11:15,26.9,10,23.5,38.75,Medium
Main Gym Fitness Gym,Thursday,46,11:30,26.727272727272727,11,22.0,34.5,Medium
Main Gym Fitness Gym,Thursday,47,11:45,35.90909090909091,11,29.0,35.5,Medium
Main Gym Fitness Gym,Thursday,48,12:00,27.0,11,21.0,39.5,Medium
Main Gym Fitness Gym,Thursday,49,12:15,32.5,12,30.0,40.0,High
Main Gym Fitness Gym,Thursday,50,12:30,39.15384615384615,13,39.0,50.0,High
Main Gym Fitness Gym,Thursday,51,12:45,39.45454545454545,11,36.0,44.5,Medium
Main Gym Fitness Gym,Thursday,52,13:00,35.791666666666664,12,36.0,44.125,High
Main Gym Fitness Gym,Thursday,53,13:15,34.38461538461539,13,32.0,40.0,High
Main Gym Fitness Gym,Thursday,54,13:30,33.583333333333336,12,34.0,46.75,High
Main Gym Fitness Gym,Thursday,55,13:45,30.708333333333332,12,28.5,32.75,High
Main Gym Fitness Gym,Thursday,56,14:00,43.46153846153846,13,46.0,50.0,High
Main Gym Fitness Gym,Thursday,57,14:15,39.95454545454545,11,35.0,52.0,Medium
Main Gym Fitness Gym,Thursday,58,14:30,40.36363636363637,11,35.0,44.5,Medium
Main Gym Fitness Gym,Thursday,59,14:45,38.76923076923077,13,31.0,47.0,High
Main Gym Fitness Gym,Thursday,60,15:00,54.72727272727273,11,35.0,51.0,Medium
Main Gym Fitness Gym,Thursday,61,15:15,47.92307692307692,13,40.0,65.0,High
Main Gym Fitness Gym,Thursday,62,15:30,45.0,12,39.0,55.75,High
Main Gym Fitness Gym,Thursday,63,15:45,39.84615384615385,13,31.0,39.0,High
Main Gym Fitness Gym,Thursday,64,16:00,37.583333333333336,12,33.5,36.0,High
Main Gym Fitness Gym,Thursday,65,16:15,39.125,12,35.0,38.5,High
Main Gym Fitness Gym,Thursday,66,16:30,40.26923076923077,13,40.0,44.0,High
Main Gym Fitness Gym,Thursday,67,16:45,35.416666666666664,12,35.0,40.25,High
Main Gym Fitness Gym,Thursday,68,17:00,47.833333333333336,12,45.0,64.25,High
Main Gym Fitness Gym,Thursday,69,17:15,32.916666666666664,12,28.0,43.25,High
Main Gym Fitness Gym,Thursday,70,17:30,50.75,12,45.5,57.75,High
Main Gym Fitness Gym,Thursday,71,17:45,52.291666666666664,12,53.0,57.375,High
Main Gym Fitness Gym,Thursday,72,18:00,38.708333333333336,12,35.5,50.0,High
Main Gym Fitness Gym,Thursday,73,18:15,40.333333333333336,12,37.5,44.75,High
Main Gym Fitness Gym,Thursday,74,18:30,46.416666666666664,12,39.5,53.25,High
Main Gym Fitness Gym,Thursday,75,18:45,51.916666666666664,12,48.0,49.25,High
Main Gym Fitness Gym,Thursday,76,19:00,38.125,12,36.75,45.25,High
Main Gym Fitness Gym,Thursday,77,19:15,36.166666666666664,12,35.0,43.75,High
Main Gym Fitness Gym,Thursday,78,19:30,37.0,12,35.5,44.5,High
Main Gym Fitness Gym,Thursday,79,19:45,39.666666666666664,12,39.5,45.25,High
Main Gym Fitness Gym,Thursday,80,20:00,34.791666666666664,12,34.0,40.75,High
Main Gym Fitness Gym,Thursday,81,20:15,33.69230769230769,13,32.0,43.0,High
Main Gym Fitness Gym,Thursday,82,20:30,27.125,12,28.5,33.5,High
Main Gym Fitness Gym,Thursday,83,20:45,33.54545454545455,11,38.0,42.0,Medium
Main Gym Fitness Gym,Thursday,84,21:00,36.75,10,33.25,39.75,Medium
Main Gym Fitness Gym,Thursday,85,21:15,31.363636363636363,11,28.0,35.5,Medium
Main Gym Fitness Gym,Thursday,86,21:30,28.0,11,29.0,35.0,Medium
Main Gym Fitness Gym,Thursday,87,21:45,31.227272727272727,11,31.0,41.0,Medium
Main Gym Fitness Gym,Thursday,88,22:00,32.27272727272727,11,36.0,40.0,Medium
Main Gym Fitness Gym,Thursday,89,22:15,26.307692307692307,13,28.0,35.0,High
Main Gym Fitness Gym,Thursday,90,22:30,27.25,12,22.5,34.5,High
Main Gym Fitness Gym,Thursday,91,22:45,17.583333333333332,12,16.5,19.75,High
Main Gym Fitness Gym,Friday,24,06:00,1.8181818181818181,11,1.0,1.0,Medium
Main Gym Fitness Gym,Friday,25,06:15,5.7272727272727275,11,1.0,9.5,Medium
Main Gym Fitness Gym,Friday,26,06:30,10.363636363636363,11,11.0,16.0,Medium
Main Gym Fitness Gym,Friday,27,06:45,12.833333333333334,12,8.5,21.0,High
Main Gym Fitness Gym,Friday,28,07:00,22.09090909090909,11,22.0,24.5,Medium
Main Gym Fitness Gym,Friday,29,07:15,15.363636363636363,11,14.0,20.5,Medium
Main Gym Fitness Gym,Friday,30,07:30,10.818181818181818,11,10.0,17.5,Medium
Main Gym Fitness Gym,Friday,31,07:45,13.083333333333334,12,10.0,13.5,High
Main Gym Fitness Gym,Friday,32,08:00,18.636363636363637,11,21.0,24.5,Medium
Main Gym Fitness Gym,Friday,33,08:15,13.636363636363637,11,12.0,14.5,Medium
Main Gym Fitness Gym,Friday,34,08:30,17.083333333333332,12,18.0,22.0,High
Main Gym Fitness Gym,Friday,35,08:45,20.09090909090909,11,18.0,24.5,Medium
Main Gym Fitness Gym,Friday,36,09:00,29.333333333333332,12,28.5,36.5,High
Main Gym Fitness Gym,Friday,37,09:15,19.272727272727273,11,19.0,23.0,Medium
Main Gym Fitness Gym,Friday,38,09:30,26.40909090909091,11,29.0,36.5,Medium
Main Gym Fitness Gym,Friday,39,09:45,26.25,12,27.0,30.5,High
Main Gym Fitness Gym,Friday,40,10:00,28.863636363636363,11,29.0,36.0,Medium
Main Gym Fitness Gym,Friday,41,10:15,21.636363636363637,11,22.0,26.5,Medium
Main Gym Fitness Gym,Friday,42,10:30,27.153846153846153,13,22.0,32.0,High
Main Gym Fitness Gym,Friday,43,10:45,29.583333333333332,12,21.5,33.75,High
Main Gym Fitness Gym,Friday,44,11:00,38.69230769230769,13,36.0,44.0,High
Main Gym Fitness Gym,Friday,45,11:15,30.833333333333332,12,25.5,29.75,High
Main Gym Fitness Gym,Friday,46,11:30,30.0,12,28.5,33.75,High
Main Gym Fitness Gym,Friday,47,11:45,33.333333333333336,12,30.5,39.0,High
Main Gym Fitness Gym,Friday,48,12:00,37.69230769230769,13,33.0,50.0,High
Main Gym Fitness Gym,Friday,49,12:15,38.75,12,37.0,43.75,High
Main Gym Fitness Gym,Friday,50,12:30,33.041666666666664,12,29.0,43.0,High
Main Gym Fitness Gym,Friday,51,12:45,26.53846153846154,13,24.0,26.0,High
Main Gym Fitness Gym,Friday,52,13:00,42.416666666666664,12,30.0,44.0,High
Main Gym Fitness Gym,Friday,53,13:15,33.583333333333336,12,29.0,37.5,High
Main Gym Fitness Gym,Friday,54,13:30,23.5,13,19.0,39.0,High
Main Gym Fitness Gym,Friday,55,13:45,28.0,12,22.5,43.75,High
Main Gym Fitness Gym,Friday,56,14:00,54.46153846153846,13,36.0,54.0,High
Main Gym Fitness Gym,Friday,57,14:15,32.0,12,27.0,41.25,High
Main Gym Fitness Gym,Friday,58,14:30,31.166666666666668,12,25.5,40.0,High
Main Gym Fitness Gym,Friday,59,14:45,58.26923076923077,13,43.0,64.5,High
Main Gym Fitness Gym,Friday,60,15:00,59.833333333333336,12,36.0,67.0,High
Main Gym Fitness Gym,Friday,61,15:15,35.15384615384615,13,22.0,35.0,High
Main Gym Fitness Gym,Friday,62,15:30,45.63636363636363,11,38.0,52.0,Medium
Main Gym Fitness Gym,Friday,63,15:45,41.125,12,35.0,45.875,High
Main Gym Fitness Gym,Friday,64,16:00,37.23076923076923,13,31.0,42.0,High
Main Gym Fitness Gym,Friday,65,16:15,40.54545454545455,11,36.0,46.0,Medium
Main Gym Fitness Gym,Friday,66,16:30,31.0,12,24.0,28.25,High
Main Gym Fitness Gym,Friday,67,16:45,34.61538461538461,13,28.0,36.0,High
Main Gym Fitness Gym,Friday,68,17:00,46.25,12,34.0,57.75,High
Main Gym Fitness Gym,Friday,69,17:15,41.041666666666664,12,35.5,51.5,High
Main Gym Fitness Gym,Friday,70,17:30,41.72727272727273,11,33.0,43.0,Medium
Main Gym Fitness Gym,Friday,71,17:45,43.25,12,33.5,41.0,High
Main Gym Fitness Gym,Friday,72,18:00,41.09090909090909,11,35.0,48.0,Medium
Main Gym Fitness Gym,Friday,73,18:15,51.09090909090909,11,32.0,40.5,Medium
Main Gym Fitness Gym,Friday,74,18:30,49.72727272727273,11,35.0,40.0,Medium
Main Gym Fitness Gym,Friday,75,18:45,36.25,12,30.0,43.75,High
Main Gym Fitness Gym,Friday,76,19:00,49.54545454545455,11,38.0,48.5,Medium
Main Gym Fitness Gym,Friday,77,19:15,29.545454545454547,11,28.0,38.5,Medium
Main Gym Fitness Gym,Friday,78,19:30,21.545454545454547,11,21.0,25.0,Medium
Main Gym Fitness Gym,Friday,79,19:45,25.4,10,25.0,26.0,Medium
Main Gym Fitness Gym,Friday,80,20:00,23.227272727272727,11,24.0,30.0,Medium
Main Gym Fitness Gym,Friday,81,20:15,36.31818181818182,11,22.5,34.0,Medium
Main Gym Fitness Gym,Friday,82,20:30,24.272727272727273,11,26.0,33.0,Medium
Main Gym Fitness Gym,Friday,83,20:45,22.545454545454547,11,24.0,28.5,Medium
Main Gym Fitness Gym,Friday,84,21:00,20.0,12,18.0,25.75,High
Main Gym Fitness Gym,Friday,85,21:15,20.8,10,20.0,26.0,Medium
Main Gym Fitness Gym,Friday,86,21:30,20.818181818181817,11,17.0,27.0,Medium
Main Gym Fitness Gym,Friday,87,21:45,30.0,11,22.0,30.5,Medium
Main Gym Fitness Gym,Friday,88,22:00,22.0,11,24.0,28.0,Medium
Main Gym Fitness Gym,Friday,89,22:15,20.727272727272727,11,19.0,24.5,Medium
Main Gym Fitness Gym,Friday,90,22:30,19.545454545454547,11,21.0,24.5,Medium
Main Gym Fitness Gym,Friday,91,22:45,20.272727272727273,11,19.0,21.0,Medium
Main Gym Fitness Gym,Saturday,32,08:00,2.909090909090909,11,1.0,3.0,Medium
Main Gym Fitness Gym,Saturday,33,08:15,16.09090909090909,11,18.0,20.0,Medium
Main Gym Fitness Gym,Saturday,34,08:30,14.75,12,11.5,22.5,High
Main Gym Fitness Gym,Saturday,35,08:45,16.227272727272727,11,18.0,21.5,Medium
Main Gym Fitness Gym,Saturday,36,09:00,16.333333333333332,12,18.5,21.75,High
Main Gym Fitness Gym,Saturday,37,09:15,16.181818181818183,11,20.0,23.0,Medium
Main Gym Fitness Gym,Saturday,38,09:30,15.863636363636363,11,18.0,21.0,Medium
Main Gym Fitness Gym,Saturday,39,09:45,22.045454545454547,11,25.0,25.0,Medium
Main Gym Fitness Gym,Saturday,40,10:00,25.7,10,17.0,18.75,Medium
Main Gym Fitness Gym,Saturday,41,10:15,20.181818181818183,11,21.0,24.5,Medium
Main Gym Fitness Gym,Saturday,42,10:30,35.9,10,27.0,35.25,Medium
Main Gym Fitness Gym,Saturday,43,10:45,21.545454545454547,11,19.0,23.0,Medium
Main Gym Fitness Gym,Saturday,44,11:00,23.6,10,24.5,26.0,Medium
Main Gym Fitness Gym,Saturday,45,11:15,23.772727272727273,11,24.0,27.5,Medium
Main Gym Fitness Gym,Saturday,46,11:30,24.125,12,24.5,29.875,High
Main Gym Fitness Gym,Saturday,47,11:45,26.90909090909091,11,26.0,34.5,Medium
Main Gym Fitness Gym,Saturday,48,12:00,21.454545454545453,11,22.0,29.0,Medium
Main Gym Fitness Gym,Saturday,49,12:15,20.083333333333332,12,15.5,27.5,High
Main Gym Fitness Gym,Saturday,50,12:30,23.318181818181817,11,24.0,25.5,Medium
Main Gym Fitness Gym,Saturday,51,12:45,21.791666666666668,12,21.0,28.25,High
Main Gym Fitness Gym,Saturday,52,13:00,23.636363636363637,11,21.0,24.5,Medium
Main Gym Fitness Gym,Saturday,53,13:15,19.583333333333332,12,19.0,25.25,High
Main Gym Fitness Gym,Saturday,54,13:30,19.59090909090909,11,17.0,22.5,Medium
Main Gym Fitness Gym,Saturday,55,13:45,18.916666666666668,12,18.0,22.75,High
Main Gym Fitness Gym,Saturday,56,14:00,20.136363636363637,11,17.0,26.0,Medium
Main Gym Fitness Gym,Saturday,57,14:15,17.583333333333332,12,19.0,22.0,High
Main Gym Fitness Gym,Saturday,58,14:30,19.833333333333332,12,17.0,22.75,High
Main Gym Fitness Gym,Saturday,59,14:45,35.583333333333336,12,16.0,35.25,High
Main Gym Fitness Gym,Saturday,60,15:00,23.181818181818183,11,17.0,29.5,Medium
Main Gym Fitness Gym,Saturday,61,15:15,15.375,12,10.5,20.25,High
Main Gym Fitness Gym,Saturday,62,15:30,25.6,10,19.5,24.75,Medium
Main Gym Fitness Gym,Saturday,63,15:45,18.045454545454547,11,18.0,20.0,Medium
Main Gym Fitness Gym,Saturday,64,16:00,25.2,10,17.5,26.5,Medium
Main Gym Fitness Gym,Saturday,65,16:15,12.818181818181818,11,12.0,17.5,Medium
Main Gym Fitness Gym,Saturday,66,16:30,20.8,10,24.0,27.25,Medium
Main Gym Fitness Gym,Saturday,67,16:45,16.5,11,21.0,24.0,Medium
Main Gym Fitness Gym,Saturday,68,17:00,19.0,10,13.0,18.0,Medium
Main Gym Fitness Gym,Saturday,69,17:15,19.09090909090909,11,19.0,23.0,Medium
Main Gym Fitness Gym,Saturday,70,17:30,15.95,10,14.0,22.875,Medium
Main Gym Fitness Gym,Saturday,71,17:45,20.15,10,21.5,23.875,Medium
Main Gym Fitness Gym,Saturday,72,18:00,27.40909090909091,11,18.5,32.0,Medium
Main Gym Fitness Gym,Saturday,73,18:15,26.545454545454547,11,22.0,35.5,Medium
Main Gym Fitness Gym,Saturday,74,18:30,25.333333333333332,12,17.5,31.0,High
Main Gym Fitness Gym,Saturday,75,18:45,37.875,12,25.0,33.75,High
Main Gym Fitness Gym,Saturday,76,19:00,23.291666666666668,12,25.0,26.0,High
Main Gym Fitness Gym,Saturday,77,19:15,22.166666666666668,12,24.5,31.5,High
Main Gym Fitness Gym,Saturday,78,19:30,18.25,12,15.0,25.25,High
Main Gym Fitness Gym,Saturday,79,19:45,20.166666666666668,12,17.5,29.0,High
Main Gym Fitness Gym,Saturday,80,20:00,21.75,12,19.5,25.0,High
Main Gym Fitness Gym,Saturday,81,20:15,21.0,12,21.5,22.5,High
Main Gym Fitness Gym,Saturday,82,20:30,22.5,12,24.5,31.5,High
Main Gym Fitness Gym,Saturday,83,20:45,19.166666666666668,12,22.5,26.0,High
Main Gym Fitness Gym,Saturday,84,21:00,26.916666666666668,12,28.5,35.25,High
Main Gym Fitness Gym,Saturday,85,21:15,22.333333333333332,12,17.5,28.25,High
Main Gym Fitness Gym,Saturday,86,21:30,16.5,12,19.5,22.0,High
Main Gym Fitness Gym,Saturday,87,21:45,17.166666666666668,12,19.0,21.25,High
Main Gym Fitness Gym,Saturday,88,22:00,15.833333333333334,12,13.5,25.25,High
Main Gym Fitness Gym,Saturday,89,22:15,18.583333333333332,12,19.0,26.0,High
Main Gym Fitness Gym,Saturday,90,22:30,21.583333333333332,12,18.5,19.5,High
Main Gym Fitness Gym,Saturday,91,22:45,11.833333333333334,12,10.5,16.5,High
Main Gym Fitness Gym,Sunday,32,08:00,1.6363636363636365,11,1.0,1.0,Medium
Main Gym Fitness Gym,Sunday,33,08:15,5.0,11,1.0,5.5,Medium
Main Gym Fitness Gym,Sunday,34,08:30,10.583333333333334,12,10.5,15.5,High
Main Gym Fitness Gym,Sunday,35,08:45,14.636363636363637,11,12.0,18.5,Medium
Main Gym Fitness Gym,Sunday,36,09:00,13.272727272727273,11,12.0,19.0,Medium
Main Gym Fitness Gym,Sunday,37,09:15,11.727272727272727,11,14.0,16.0,Medium
Main Gym Fitness Gym,Sunday,38,09:30,15.909090909090908,11,14.0,16.0,Medium
Main Gym Fitness Gym,Sunday,39,09:45,14.166666666666666,12,12.0,21.0,High
Main Gym Fitness Gym,Sunday,40,10:00,19.0,12,16.5,23.0,High
Main Gym Fitness Gym,Sunday,41,10:15,13.916666666666666,12,9.0,19.5,High
Main Gym Fitness Gym,Sunday,42,10:30,13.25,12,10.5,16.0,High
Main Gym Fitness Gym,Sunday,43,10:45,16.272727272727273,11,17.0,20.0,Medium
Main Gym Fitness Gym,Sunday,44,11:00,20.416666666666668,12,16.0,23.0,High
Main Gym Fitness Gym,Sunday,45,11:15,25.666666666666668,12,19.0,24.25,High
Main Gym Fitness Gym,Sunday,46,11:30,21.083333333333332,12,20.0,24.25,High
Main Gym Fitness Gym,Sunday,47,11:45,20.666666666666668,12,17.5,26.0,High
Main Gym Fitness Gym,Sunday,48,12:00,15.0,11,12.0,17.0,Medium
Main Gym Fitness Gym,Sunday,49,12:15,17.454545454545453,11,18.0,22.0,Medium
Main Gym Fitness Gym,Sunday,50,12:30,21.636363636363637,11,19.0,26.5,Medium
Main Gym Fitness Gym,Sunday,51,12:45,17.363636363636363,11,17.0,18.5,Medium
Main Gym Fitness Gym,Sunday,52,13:00,15.272727272727273,11,15.0,19.5,Medium
Main Gym Fitness Gym,Sunday,53,13:15,19.90909090909091,11,17.0,28.0,Medium
Main Gym Fitness Gym,Sunday,54,13:30,22.666666666666668,12,16.0,28.0,High
Main Gym Fitness Gym,Sunday,55,13:45,19.0,12,18.5,21.25,High
Main Gym Fitness Gym,Sunday,56,14:00,17.916666666666668,12,18.0,19.5,High
Main Gym Fitness Gym,Sunday,57,14:15,17.916666666666668,12,16.0,22.5,High
Main Gym Fitness Gym,Sunday,58,14:30,25.166666666666668,12,18.0,19.75,High
Main Gym Fitness Gym,Sunday,59,14:45,24.666666666666668,12,16.0,20.5,High
Main Gym Fitness Gym,Sunday,60,15:00,21.5,12,17.5,26.75,High
Main Gym Fitness Gym,Sunday,61,15:15,26.416666666666668,12,16.5,32.75,High
Main Gym Fitness Gym,Sunday,62,15:30,19.416666666666668,12,16.0,21.5,High
Main Gym Fitness Gym,Sunday,63,15:45,20.833333333333332,12,21.5,25.75,High
Main Gym Fitness Gym,Sunday,64,16:00,19.25,12,19.5,22.0,High
Main Gym Fitness Gym,Sunday,65,16:15,19.916666666666668,12,22.0,25.0,High
Main Gym Fitness Gym,Sunday,66,16:30,23.666666666666668,12,23.5,29.75,High
Main Gym Fitness Gym,Sunday,67,16:45,23.0,12,24.0,26.0,High
Main Gym Fitness Gym,Sunday,68,17:00,22.666666666666668,12,19.5,24.5,High
Main Gym Fitness Gym,Sunday,69,17:15,21.166666666666668,12,22.5,28.25,High
Main Gym Fitness Gym,Sunday,70,17:30,20.416666666666668,12,18.5,25.75,High
Main Gym Fitness Gym,Sunday,71,17:45,28.333333333333332,12,26.5,41.0,High
Main Gym Fitness Gym,Sunday,72,18:00,34.0,12,24.5,39.75,High
Main Gym Fitness Gym,Sunday,73,18:15,20.083333333333332,12,21.5,29.75,High
Main Gym Fitness Gym,Sunday,74,18:30,25.916666666666668,12,23.0,26.5,High
Main Gym Fitness Gym,Sunday,75,18:45,31.75,12,24.5,38.5,High
Main Gym Fitness Gym,Sunday,76,19:00,30.333333333333332,12,24.5,32.75,High
Main Gym Fitness Gym,Sunday,77,19:15,29.666666666666668,12,25.0,33.0,High
Main Gym Fitness Gym,Sunday,78,19:30,31.0,12,22.0,33.75,High
Main Gym Fitness Gym,Sunday,79,19:45,29.416666666666668,12,25.0,29.5,High
Main Gym Fitness Gym,Sunday,80,20:00,33.5,12,20.0,25.75,High
Main Gym Fitness Gym,Sunday,81,20:15,23.75,12,23.0,26.0,High
Main Gym Fitness Gym,Sunday,82,20:30,24.166666666666668,12,23.0,32.75,High
Main Gym Fitness Gym,Sunday,83,20:45,20.5,12,20.0,28.0,High
Main Gym Fitness Gym,Sunday,84,21:00,24.666666666666668,12,20.0,27.0,High
Main Gym Fitness Gym,Sunday,85,21:15,20.5,12,18.5,24.25,High
Main Gym Fitness Gym,Sunday,86,21:30,22.916666666666668,12,24.0,32.25,High
Main Gym Fitness Gym,Sunday,87,21:45,22.25,12,24.0,29.0,High
Main Gym Fitness Gym,Sunday,88,22:00,26.166666666666668,12,18.0,29.75,High
Main Gym Fitness Gym,Sunday,89,22:15,25.75,12,24.0,28.25,High
Main Gym Fitness Gym,Sunday,90,22:30,26.916666666666668,12,20.0,26.75,High
Main Gym Fitness Gym,Sunday,91,22:45,14.583333333333334,12,12.0,20.5,High
Main Gym Fitness Gym,Sunday,92,23:00,1.0,1,1.0,1.0,Low
RIMAC Fitness Gym,Monday,24,06:00,1.1111111111111112,18,1.0,1.0,High
RIMAC Fitness Gym,Monday,25,06:15,14.970588235294118,17,9.0,17.0,High
RIMAC Fitness Gym,Monday,26,06:30,22.88235294117647,17,17.0,30.0,High
RIMAC Fitness Gym,Monday,27,06:45,29.11764705882353,17,23.0,38.0,High
RIMAC Fitness Gym,Monday,28,07:00,28.72222222222222,18,23.5,33.0,High
RIMAC Fitness Gym,Monday,29,07:15,29.333333333333332,18,24.0,38.5,High
RIMAC Fitness Gym,Monday,30,07:30,32.0,18,28.5,41.75,High
RIMAC Fitness Gym,Monday,31,07:45,31.11111111111111,18,26.0,44.25,High
RIMAC Fitness Gym,Monday,32,08:00,32.05555555555556,18,25.5,44.5,High
RIMAC Fitness Gym,Monday,33,08:15,31.86111111111111,18,29.5,40.5,High
RIMAC Fitness Gym,Monday,34,08:30,33.19444444444444,18,25.5,43.75,High
RIMAC Fitness Gym,Monday,35,08:45,36.02777777777778,18,29.0,47.5,High
RIMAC Fitness Gym,Monday,36,09:00,36.80555555555556,18,28.5,53.25,High
RIMAC Fitness Gym,Monday,37,09:15,38.72222222222222,18,34.0,52.5,High
RIMAC Fitness Gym,Monday,38,09:30,39.30555555555556,18,36.0,55.0,High
RIMAC Fitness Gym,Monday,39,09:45,39.77777777777778,18,38.0,54.5,High
RIMAC Fitness Gym,Monday,40,10:00,39.888888888888886,18,42.0,46.5,High
RIMAC Fitness Gym,Monday,41,10:15,42.888888888888886,18,43.0,56.75,High
RIMAC Fitness Gym,Monday,42,10:30,47.416666666666664,18,48.0,60.25,High
RIMAC Fitness Gym,Monday,43,10:45,50.02777777777778,18,52.0,70.0,High
RIMAC Fitness Gym,Monday,44,11:00,49.05882352941177,17,51.0,70.0,High
RIMAC Fitness Gym,Monday,45,11:15,49.35294117647059,17,46.0,70.0,High
RIMAC Fitness Gym,Monday,46,11:30,53.61764705882353,17,59.0,71.0,High
RIMAC Fitness Gym,Monday,47,11:45,51.5,17,46.0,75.0,High
RIMAC Fitness Gym,Monday,48,12:00,45.8125,16,48.0,56.5,High
RIMAC Fitness Gym,Monday,49,12:15,51.361111111111114,18,53.5,63.5,High
RIMAC Fitness Gym,Monday,50,12:30,50.388888888888886,18,53.0,62.5,High
RIMAC Fitness Gym,Monday,51,12:45,55.38235294117647,17,59.0,73.0,High
RIMAC Fitness Gym,Monday,52,13:00,53.8235294117647,17,55.0,66.0,High
RIMAC Fitness Gym,Monday,53,13:15,55.72222222222222,18,58.5,67.5,High
RIMAC Fitness Gym,Monday,54,13:30,56.52777777777778,18,53.5,78.0,High
RIMAC Fitness Gym,Monday,55,13:45,55.833333333333336,18,60.0,71.0,High
RIMAC Fitness Gym,Monday,56,14:00,55.166666666666664,18,59.5,70.25,High
RIMAC Fitness Gym,Monday,57,14:15,54.294117647058826,17,51.0,77.0,High
RIMAC Fitness Gym,Monday,58,14:30,56.02777777777778,18,60.0,78.75,High
RIMAC Fitness Gym,Monday,59,14:45,57.861111111111114,18,53.5,86.75,High
RIMAC Fitness Gym,Monday,60,15:00,57.8235294117647,17,56.0,85.0,High
RIMAC Fitness Gym,Monday,61,15:15,58.611111111111114,18,59.5,81.75,High
RIMAC Fitness Gym,Monday,62,15:30,57.64705882352941,17,57.0,82.0,High
RIMAC Fitness Gym,Monday,63,15:45,61.15625,16,65.0,83.0,High
RIMAC Fitness Gym,Monday,64,16:00,54.53125,16,57.5,75.25,High
RIMAC Fitness Gym,Monday,65,16:15,57.94117647058823,17,56.0,77.0,High
RIMAC Fitness Gym,Monday,66,16:30,58.875,16,57.0,77.0,High
RIMAC Fitness Gym,Monday,67,16:45,58.794117647058826,17,60.0,87.0,High
RIMAC Fitness Gym,Monday,68,17:00,59.76470588235294,17,58.0,75.0,High
RIMAC Fitness Gym,Monday,69,17:15,65.63888888888889,18,62.5,94.5,High
RIMAC Fitness Gym,Monday,70,17:30,68.75,18,68.5,95.0,High
RIMAC Fitness Gym,Monday,71,17:45,64.91176470588235,17,67.0,83.0,High
RIMAC Fitness Gym,Monday,72,18:00,65.80555555555556,18,68.0,88.75,High
RIMAC Fitness Gym,Monday,73,18:15,64.08333333333333,18,67.5,83.25,High
RIMAC Fitness Gym,Monday,74,18:30,58.794117647058826,17,57.0,71.0,High
RIMAC Fitness Gym,Monday,75,18:45,60.85294117647059,17,58.0,69.0,High
RIMAC Fitness Gym,Monday,76,19:00,62.970588235294116,17,64.0,77.0,High
RIMAC Fitness Gym,Monday,77,19:15,62.27777777777778,18,65.5,77.75,High
RIMAC Fitness Gym,Monday,78,19:30,59.25,18,58.0,75.25,High
RIMAC Fitness Gym,Monday,79,19:45,59.14705882352941,17,62.0,76.0,High
RIMAC Fitness Gym,Monday,80,20:00,63.25,18,63.0,86.25,High
RIMAC Fitness Gym,Monday,81,20:15,59.529411764705884,17,68.0,79.0,High
RIMAC Fitness Gym,Monday,82,20:30,59.25,18,61.5,84.0,High
RIMAC Fitness Gym,Monday,83,20:45,54.05555555555556,18,54.0,84.25,High
RIMAC Fitness Gym,Monday,84,21:00,62.81818181818182,11,76.0,81.5,Medium
RIMAC Fitness Gym,Monday,85,21:15,63.31818181818182,11,67.0,80.0,Medium
RIMAC Fitness Gym,Monday,86,21:30,65.54545454545455,11,69.0,83.5,Medium
RIMAC Fitness Gym,Monday,87,21:45,63.63636363636363,11,71.0,78.5,Medium
RIMAC Fitness Gym,Monday,88,22:00,61.9,10,73.0,79.0,Medium
RIMAC Fitness Gym,Monday,89,22:15,60.6,10,66.0,78.25,Medium
RIMAC Fitness Gym,Monday,90,22:30,55.44444444444444,9,67.0,69.0,Medium
RIMAC Fitness Gym,Monday,91,22:45,36.63636363636363,11,41.0,44.5,Medium
RIMAC Fitness Gym,Tuesday,24,06:00,1.2352941176470589,17,1.0,1.0,High
RIMAC Fitness Gym,Tuesday,25,06:15,13.823529411764707,17,12.0,17.0,High
RIMAC Fitness Gym,Tuesday,26,06:30,18.88235294117647,17,21.0,25.0,High
RIMAC Fitness Gym,Tuesday,27,06:45,22.75,16,18.5,33.75,High
RIMAC Fitness Gym,Tuesday,28,07:00,25.147058823529413,17,24.0,32.0,High
RIMAC Fitness Gym,Tuesday,29,07:15,26.794117647058822,17,25.0,35.0,High
RIMAC Fitness Gym,Tuesday,30,07:30,29.470588235294116,17,30.0,36.0,High
RIMAC Fitness Gym,Tuesday,31,07:45,30.58823529411765,17,27.0,44.0,High
RIMAC Fitness Gym,Tuesday,32,08:00,33.0,16,30.5,43.75,High
RIMAC Fitness Gym,Tuesday,33,08:15,36.65625,16,39.0,48.0,High
RIMAC Fitness Gym,Tuesday,34,08:30,36.25,16,37.5,41.5,High
RIMAC Fitness Gym,Tuesday,35,08:45,36.8,15,38.0,47.5,High
RIMAC Fitness Gym,Tuesday,36,09:00,37.1875,16,37.0,50.5,High
RIMAC Fitness Gym,Tuesday,37,09:15,39.34375,16,41.5,53.5,High
RIMAC Fitness Gym,Tuesday,38,09:30,38.85294117647059,17,42.0,49.0,High
RIMAC Fitness Gym,Tuesday,39,09:45,44.0,16,48.5,54.0,High
RIMAC Fitness Gym,Tuesday,40,10:00,46.84375,16,51.5,60.5,High
RIMAC Fitness Gym,Tuesday,41,10:15,49.38235294117647,17,52.0,63.0,High
RIMAC Fitness Gym,Tuesday,42,10:30,49.43333333333333,15,53.0,71.5,High
RIMAC Fitness Gym,Tuesday,43,10:45,48.56666666666667,15,45.0,62.5,High
RIMAC Fitness Gym,Tuesday,44,11:00,45.1875,16,47.5,60.0,High
RIMAC Fitness Gym,Tuesday,45,11:15,48.875,16,55.5,62.25,High
RIMAC Fitness Gym,Tuesday,46,11:30,51.0,15,50.0,71.5,High
RIMAC Fitness Gym,Tuesday,47,11:45,50.90625,16,55.0,68.25,High
RIMAC Fitness Gym,Tuesday,48,12:00,53.21875,16,57.0,71.0,High
RIMAC Fitness Gym,Tuesday,49,12:15,48.1875,16,51.0,63.0,High
RIMAC Fitness Gym,Tuesday,50,12:30,49.5,15,55.0,64.5,High
RIMAC Fitness Gym,Tuesday,51,12:45,48.8235294117647,17,53.0,68.0,High
RIMAC Fitness Gym,Tuesday,52,13:00,49.705882352941174,17,52.0,71.0,High
RIMAC Fitness Gym,Tuesday,53,13:15,49.625,16,58.0,70.5,High
RIMAC Fitness Gym,Tuesday,54,13:30,48.5,17,55.0,68.0,High
RIMAC Fitness Gym,Tuesday,55,13:45,47.6875,16,55.5,62.25,High
RIMAC Fitness Gym,Tuesday,56,14:00,42.5,14,49.5,54.5,High
RIMAC Fitness Gym,Tuesday,57,14:15,47.25,16,51.5,61.25,High
RIMAC Fitness Gym,Tuesday,58,14:30,50.964285714285715,14,55.0,73.25,High
RIMAC Fitness Gym,Tuesday,59,14:45,51.82142857142857,14,54.5,69.75,High
RIMAC Fitness Gym,Tuesday,60,15:00,49.666666666666664,15,55.0,69.0,High
RIMAC Fitness Gym,Tuesday,61,15:15,47.285714285714285,14,51.0,65.5,High
RIMAC Fitness Gym,Tuesday,62,15:30,48.535714285714285,14,50.5,65.25,High
RIMAC Fitness Gym,Tuesday,63,15:45,52.75,16,57.5,66.75,High
RIMAC Fitness Gym,Tuesday,64,16:00,56.266666666666666,15,65.0,73.5,High
RIMAC Fitness Gym,Tuesday,65,16:15,61.90625,16,61.5,84.75,High
RIMAC Fitness Gym,Tuesday,66,16:30,58.166666666666664,15,64.0,78.5,High
RIMAC Fitness Gym,Tuesday,67,16:45,59.833333333333336,15,60.0,74.0,High
RIMAC Fitness Gym,Tuesday,68,17:00,63.46666666666667,15,68.0,75.5,High
RIMAC Fitness Gym,Tuesday,69,17:15,63.5,14,58.5,82.75,High
RIMAC Fitness Gym,Tuesday,70,17:30,67.93333333333334,15,71.0,86.0,High
RIMAC Fitness Gym,Tuesday,71,17:45,67.5,15,67.0,88.0,High
RIMAC Fitness Gym,Tuesday,72,18:00,66.8125,16,63.5,81.5,High
RIMAC Fitness Gym,Tuesday,73,18:15,66.0,13,61.0,91.0,High
RIMAC Fitness Gym,Tuesday,74,18:30,59.78125,16,65.5,75.5,High
RIMAC Fitness Gym,Tuesday,75,18:45,59.411764705882355,17,65.0,73.0,High
RIMAC Fitness Gym,Tuesday,76,19:00,60.35294117647059,17,62.0,77.0,High
RIMAC Fitness Gym,Tuesday,77,19:15,59.970588235294116,17,70.0,78.0,High
RIMAC Fitness Gym,Tuesday,78,19:30,55.94117647058823,17,64.0,68.0,High
RIMAC Fitness Gym,Tuesday,79,19:45,57.05882352941177,17,62.0,72.0,High
RIMAC Fitness Gym,Tuesday,80,20:00,55.1764705882353,17,60.0,69.0,High
RIMAC Fitness Gym,Tuesday,81,20:15,56.14705882352941,17,63.0,71.0,High
RIMAC Fitness Gym,Tuesday,82,20:30,56.205882352941174,17,69.0,84.0,High
RIMAC Fitness Gym,Tuesday,83,20:45,51.03125,16,58.5,80.25,High
RIMAC Fitness Gym,Tuesday,84,21:00,65.22222222222223,9,72.0,78.0,Medium
RIMAC Fitness Gym,Tuesday,85,21:15,69.88888888888889,9,70.0,75.0,Medium
RIMAC Fitness Gym,Tuesday,86,21:30,67.28571428571429,7,68.0,73.5,Medium
RIMAC Fitness Gym,Tuesday,87,21:45,67.125,8,69.0,79.5,Medium
RIMAC Fitness Gym,Tuesday,88,22:00,73.125,8,77.0,81.25,Medium
RIMAC Fitness Gym,Tuesday,89,22:15,68.42857142857143,7,73.0,79.0,Medium
RIMAC Fitness Gym,Tuesday,90,22:30,64.625,8,60.5,74.25,Medium
RIMAC Fitness Gym,Tuesday,91,22:45,45.833333333333336,6,45.0,55.5,Medium
RIMAC Fitness Gym,Wednesday,24,06:00,1.4090909090909092,11,1.0,1.75,Medium
RIMAC Fitness Gym,Wednesday,25,06:15,10.818181818181818,11,10.0,14.0,Medium
RIMAC Fitness Gym,Wednesday,26,06:30,17.40909090909091,11,15.0,22.0,Medium
RIMAC Fitness Gym,Wednesday,27,06:45,22.5,11,21.0,28.0,Medium
RIMAC Fitness Gym,Wednesday,28,07:00,24.8,10,22.0,33.5,Medium
RIMAC Fitness Gym,Wednesday,29,07:15,27.136363636363637,11,33.0,36.5,Medium
RIMAC Fitness Gym,Wednesday,30,07:30,29.65,10,30.0,41.0,Medium
RIMAC Fitness Gym,Wednesday,31,07:45,28.2,10,28.5,40.25,Medium
RIMAC Fitness Gym,Wednesday,32,08:00,27.55,10,29.5,34.0,Medium
RIMAC Fitness Gym,Wednesday,33,08:15,28.181818181818183,11,31.0,41.0,Medium
RIMAC Fitness Gym,Wednesday,34,08:30,25.227272727272727,11,27.0,36.0,Medium
RIMAC Fitness Gym,Wednesday,35,08:45,27.875,12,32.0,38.25,High
RIMAC Fitness Gym,Wednesday,36,09:00,29.181818181818183,11,27.0,42.0,Medium
RIMAC Fitness Gym,Wednesday,37,09:15,35.791666666666664,12,36.0,50.25,High
RIMAC Fitness Gym,Wednesday,38,09:30,41.607142857142854,14,42.0,61.25,High
RIMAC Fitness Gym,Wednesday,39,09:45,34.333333333333336,12,29.0,43.75,High
RIMAC Fitness Gym,Wednesday,40,10:00,35.26923076923077,13,32.0,46.0,High
RIMAC Fitness Gym,Wednesday,41,10:15,35.80769230769231,13,34.0,45.0,High
RIMAC Fitness Gym,Wednesday,42,10:30,37.32142857142857,14,41.0,48.25,High
RIMAC Fitness Gym,Wednesday,43,10:45,40.53846153846154,13,46.0,54.0,High
RIMAC Fitness Gym,Wednesday,44,11:00,37.11538461538461,13,43.0,47.0,High
RIMAC Fitness Gym,Wednesday,45,11:15,41.80769230769231,13,47.0,51.0,High
RIMAC Fitness Gym,Wednesday,46,11:30,46.2,15,50.0,59.0,High
RIMAC Fitness Gym,Wednesday,47,11:45,47.42307692307692,13,51.0,60.0,High
RIMAC Fitness Gym,Wednesday,48,12:00,45.32142857142857,14,47.5,53.75,High
RIMAC Fitness Gym,Wednesday,49,12:15,42.46153846153846,13,45.0,58.0,High
RIMAC Fitness Gym,Wednesday,50,12:30,43.96666666666667,15,45.0,50.5,High
RIMAC Fitness Gym,Wednesday,51,12:45,43.80769230769231,13,45.0,58.0,High
RIMAC Fitness Gym,Wednesday,52,13:00,42.9,15,40.0,56.0,High
RIMAC Fitness Gym,Wednesday,53,13:15,43.357142857142854,14,43.5,51.75,High
RIMAC Fitness Gym,Wednesday,54,13:30,43.25,14,44.0,56.5,High
RIMAC Fitness Gym,Wednesday,55,13:45,42.785714285714285,14,43.5,50.5,High
RIMAC Fitness Gym,Wednesday,56,14:00,47.5625,16,45.0,58.25,High
RIMAC Fitness Gym,Wednesday,57,14:15,47.666666666666664,15,47.0,53.5,High
RIMAC Fitness Gym,Wednesday,58,14:30,49.392857142857146,14,48.0,65.0,High
RIMAC Fitness Gym,Wednesday,59,14:45,49.21875,16,47.5,61.5,High
RIMAC Fitness Gym,Wednesday,60,15:00,48.07142857142857,14,47.5,58.75,High
RIMAC Fitness Gym,Wednesday,61,15:15,46.28125,16,48.0,58.5,High
RIMAC Fitness Gym,Wednesday,62,15:30,51.470588235294116,17,55.0,64.0,High
RIMAC Fitness Gym,Wednesday,63,15:45,50.666666666666664,15,57.0,66.0,High
RIMAC Fitness Gym,Wednesday,64,16:00,52.0,17,57.0,72.0,High
RIMAC Fitness Gym,Wednesday,65,16:15,57.0,18,65.5,75.25,High
RIMAC Fitness Gym,Wednesday,66,16:30,53.1875,16,55.5,74.0,High
RIMAC Fitness Gym,Wednesday,67,16:45,58.30555555555556,18,63.5,78.0,High
RIMAC Fitness Gym,Wednesday,68,17:00,58.19444444444444,18,62.0,81.5,High
RIMAC Fitness Gym,Wednesday,69,17:15,58.470588235294116,17,65.0,77.0,High
RIMAC Fitness Gym,Wednesday,70,17:30,61.8125,16,69.5,85.25,High
RIMAC Fitness Gym,Wednesday,71,17:45,63.09375,16,70.5,87.0,High
RIMAC Fitness Gym,Wednesday,72,18:00,59.875,16,57.5,81.75,High
RIMAC Fitness Gym,Wednesday,73,18:15,58.53333333333333,15,62.0,79.0,High
RIMAC Fitness Gym,Wednesday,74,18:30,59.15625,16,58.5,83.25,High
RIMAC Fitness Gym,Wednesday,75,18:45,58.92857142857143,14,61.0,77.25,High
RIMAC Fitness Gym,Wednesday,76,19:00,56.5625,16,54.0,72.0,High
RIMAC Fitness Gym,Wednesday,77,19:15,55.71875,16,53.5,70.5,High
RIMAC Fitness Gym,Wednesday,78,19:30,53.43333333333333,15,51.0,68.5,High
RIMAC Fitness Gym,Wednesday,79,19:45,52.03333333333333,15,49.0,65.5,High
RIMAC Fitness Gym,Wednesday,80,20:00,52.21875,16,49.0,71.75,High
RIMAC Fitness Gym,Wednesday,81,20:15,53.0625,16,56.0,74.5,High
RIMAC Fitness Gym,Wednesday,82,20:30,53.96875,16,56.0,82.0,High
RIMAC Fitness Gym,Wednesday,83,20:45,49.2,15,55.0,75.5,High
RIMAC Fitness Gym,Wednesday,84,21:00,62.44444444444444,9,69.0,70.0,Medium
RIMAC Fitness Gym,Wednesday,85,21:15,60.3,10,62.0,71.0,Medium
RIMAC Fitness Gym,Wednesday,86,21:30,62.77777777777778,9,62.0,75.0,Medium
RIMAC Fitness Gym,Wednesday,87,21:45,67.44444444444444,9,76.0,77.0,Medium
RIMAC Fitness Gym,Wednesday,88,22:00,65.11111111111111,9,69.0,73.0,Medium
RIMAC Fitness Gym,Wednesday,89,22:15,60.0,8,62.5,68.75,Medium
RIMAC Fitness Gym,Wednesday,90,22:30,50.111111111111114,9,49.0,59.0,Medium
RIMAC Fitness Gym,Wednesday,91,22:45,29.1,10,31.0,33.75,Medium
RIMAC Fitness Gym,Thursday,24,06:00,1.53125,16,1.0,1.0,High
RIMAC Fitness Gym,Thursday,25,06:15,13.65625,16,9.25,13.0,High
RIMAC Fitness Gym,Thursday,26,06:30,22.647058823529413,17,19.0,26.0,High
RIMAC Fitness Gym,Thursday,27,06:45,26.25,18,24.0,28.75,High
RIMAC Fitness Gym,Thursday,28,07:00,26.5,17,23.0,29.0,High
RIMAC Fitness Gym,Thursday,29,07:15,26.823529411764707,17,23.0,29.0,High
RIMAC Fitness Gym,Thursday,30,07:30,29.5,16,26.5,33.25,High
RIMAC Fitness Gym,Thursday,31,07:45,31.029411764705884,17,28.0,36.0,High
RIMAC Fitness Gym,Thursday,32,08:00,31.11764705882353,17,29.0,40.0,High
RIMAC Fitness Gym,Thursday,33,08:15,31.558823529411764,17,32.0,41.0,High
RIMAC Fitness Gym,Thursday,34,08:30,32.970588235294116,17,34.0,43.0,High
RIMAC Fitness Gym,Thursday,35,08:45,33.19444444444444,18,34.0,39.75,High
RIMAC Fitness Gym,Thursday,36,09:00,30.970588235294116,17,32.0,33.0,High
RIMAC Fitness Gym,Thursday,37,09:15,31.38235294117647,17,32.0,37.0,High
RIMAC Fitness Gym,Thursday,38,09:30,32.529411764705884,17,32.0,38.0,High
RIMAC Fitness Gym,Thursday,39,09:45,39.6764705882353,17,41.0,50.0,High
RIMAC Fitness Gym,Thursday,40,10:00,46.266666666666666,15,49.0,64.0,High
RIMAC Fitness Gym,Thursday,41,10:15,44.5625,16,48.0,53.5,High
RIMAC Fitness Gym,Thursday,42,10:30,41.75,18,43.0,53.0,High
RIMAC Fitness Gym,Thursday,43,10:45,32.78125,16,35.5,42.75,High
RIMAC Fitness Gym,Thursday,44,11:00,33.6,15,35.0,39.5,High
RIMAC Fitness Gym,Thursday,45,11:15,40.0625,16,45.0,51.5,High
RIMAC Fitness Gym,Thursday,46,11:30,48.1875,16,52.0,64.25,High
RIMAC Fitness Gym,Thursday,47,11:45,49.8235294117647,17,50.0,61.0,High
RIMAC Fitness Gym,Thursday,48,12:00,47.25,16,54.5,62.5,High
RIMAC Fitness Gym,Thursday,49,12:15,48.638888888888886,18,51.5,65.0,High
RIMAC Fitness Gym,Thursday,50,12:30,51.13157894736842,19,54.0,64.5,High
RIMAC Fitness Gym,Thursday,51,12:45,48.3125,16,52.0,67.5,High
RIMAC Fitness Gym,Thursday,52,13:00,52.916666666666664,18,58.0,69.75,High
RIMAC Fitness Gym,Thursday,53,13:15,52.0,19,58.0,69.5,High
RIMAC Fitness Gym,Thursday,54,13:30,47.916666666666664,18,53.5,64.0,High
RIMAC Fitness Gym,Thursday,55,13:45,43.888888888888886,18,45.0,59.75,High
RIMAC Fitness Gym,Thursday,56,14:00,40.6578947368421,19,44.0,50.0,High
RIMAC Fitness Gym,Thursday,57,14:15,43.96875,16,49.0,62.25,High
RIMAC Fitness Gym,Thursday,58,14:30,47.85294117647059,17,53.0,67.0,High
RIMAC Fitness Gym,Thursday,59,14:45,47.73684210526316,19,55.0,64.5,High
RIMAC Fitness Gym,Thursday,60,15:00,47.125,16,57.0,68.0,High
RIMAC Fitness Gym,Thursday,61,15:15,46.611111111111114,18,53.5,56.75,High
RIMAC Fitness Gym,Thursday,62,15:30,43.794117647058826,17,51.0,55.0,High
RIMAC Fitness Gym,Thursday,63,15:45,45.27777777777778,18,49.5,58.5,High
RIMAC Fitness Gym,Thursday,64,16:00,49.25,16,56.5,62.5,High
RIMAC Fitness Gym,Thursday,65,16:15,50.25,18,53.5,63.75,High
RIMAC Fitness Gym,Thursday,66,16:30,53.52777777777778,18,60.5,67.0,High
RIMAC Fitness Gym,Thursday,67,16:45,53.529411764705884,17,60.0,71.0,High
RIMAC Fitness Gym,Thursday,68,17:00,53.05263157894737,19,61.0,70.5,High
RIMAC Fitness Gym,Thursday,69,17:15,53.05555555555556,18,56.5,69.0,High
RIMAC Fitness Gym,Thursday,70,17:30,56.333333333333336,18,62.0,74.0,High
RIMAC Fitness Gym,Thursday,71,17:45,58.19444444444444,18,67.0,78.5,High
RIMAC Fitness Gym,Thursday,72,18:00,57.8421052631579,19,69.0,77.0,High
RIMAC Fitness Gym,Thursday,73,18:15,55.94736842105263,19,62.0,73.75,High
RIMAC Fitness Gym,Thursday,74,18:30,55.5,19,61.0,73.0,High
RIMAC Fitness Gym,Thursday,75,18:45,55.22222222222222,18,60.0,72.0,High
RIMAC Fitness Gym,Thursday,76,19:00,56.23684210526316,19,59.0,76.0,High
RIMAC Fitness Gym,Thursday,77,19:15,50.30555555555556,18,51.0,67.75,High
RIMAC Fitness Gym,Thursday,78,19:30,51.21052631578947,19,54.0,65.5,High
RIMAC Fitness Gym,Thursday,79,19:45,52.6578947368421,19,49.0,62.0,High
RIMAC Fitness Gym,Thursday,80,20:00,50.19444444444444,18,51.0,63.0,High
RIMAC Fitness Gym,Thursday,81,20:15,48.575,20,49.0,62.5,High
RIMAC Fitness Gym,Thursday,82,20:30,47.8421052631579,19,51.0,65.0,High
RIMAC Fitness Gym,Thursday,83,20:45,47.61764705882353,17,53.0,73.0,High
RIMAC Fitness Gym,Thursday,84,21:00,68.75,8,64.5,71.5,Medium
RIMAC Fitness Gym,Thursday,85,21:15,61.22222222222222,9,61.0,77.0,Medium
RIMAC Fitness Gym,Thursday,86,21:30,57.77777777777778,9,55.0,76.0,Medium
RIMAC Fitness Gym,Thursday,87,21:45,63.0,9,65.0,77.0,Medium
RIMAC Fitness Gym,Thursday,88,22:00,64.22222222222223,9,72.0,77.0,Medium
RIMAC Fitness Gym,Thursday,89,22:15,57.5,10,62.5,73.75,Medium
RIMAC Fitness Gym,Thursday,90,22:30,49.2,10,50.0,58.25,Medium
RIMAC Fitness Gym,Thursday,91,22:45,35.4,10,33.0,46.0,Medium
RIMAC Fitness Gym,Friday,24,06:00,1.0526315789473684,19,1.0,1.5,High
RIMAC Fitness Gym,Friday,25,06:15,11.631578947368421,19,9.0,14.0,High
RIMAC Fitness Gym,Friday,26,06:30,18.94736842105263,19,15.0,25.0,High
RIMAC Fitness Gym,Friday,27,06:45,24.236842105263158,19,24.0,29.0,High
RIMAC Fitness Gym,Friday,28,07:00,25.894736842105264,19,24.0,31.5,High
RIMAC Fitness Gym,Friday,29,07:15,28.833333333333332,18,22.0,35.5,High
RIMAC Fitness Gym,Friday,30,07:30,29.210526315789473,19,26.0,32.0,High
RIMAC Fitness Gym,Friday,31,07:45,32.23684210526316,19,25.0,33.0,High
RIMAC Fitness Gym,Friday,32,08:00,27.5,19,25.0,32.0,High
RIMAC Fitness Gym,Friday,33,08:15,25.92105263157895,19,24.0,34.0,High
RIMAC Fitness Gym,Friday,34,08:30,27.7,20,25.5,37.25,High
RIMAC Fitness Gym,Friday,35,08:45,26.57894736842105,19,18.0,34.5,High
RIMAC Fitness Gym,Friday,36,09:00,29.7,20,26.0,43.25,High
RIMAC Fitness Gym,Friday,37,09:15,29.92105263157895,19,28.0,37.5,High
RIMAC Fitness Gym,Friday,38,09:30,33.3421052631579,19,31.0,40.5,High
RIMAC Fitness Gym,Friday,39,09:45,35.6,20,36.0,46.0,High
RIMAC Fitness Gym,Friday,40,10:00,35.026315789473685,19,31.0,40.0,High
RIMAC Fitness Gym,Friday,41,10:15,37.71052631578947,19,37.0,49.5,High
RIMAC Fitness Gym,Friday,42,10:30,42.54761904761905,21,41.0,59.0,High
RIMAC Fitness Gym,Friday,43,10:45,40.675,20,37.5,60.5,High
RIMAC Fitness Gym,Friday,44,11:00,37.71052631578947,19,33.0,57.0,High
RIMAC Fitness Gym,Friday,45,11:15,40.921052631578945,19,43.0,58.5,High
RIMAC Fitness Gym,Friday,46,11:30,41.4,20,40.0,61.25,High
RIMAC Fitness Gym,Friday,47,11:45,46.63157894736842,19,42.0,62.5,High
RIMAC Fitness Gym,Friday,48,12:00,43.023809523809526,21,43.0,61.0,High
RIMAC Fitness Gym,Friday,49,12:15,42.9,20,40.0,64.25,High
RIMAC Fitness Gym,Friday,50,12:30,42.55,20,46.0,66.0,High
RIMAC Fitness Gym,Friday,51,12:45,43.35,20,50.0,59.5,High
RIMAC Fitness Gym,Friday,52,13:00,39.475,20,37.5,60.0,High
RIMAC Fitness Gym,Friday,53,13:15,42.4,20,45.5,63.5,High
RIMAC Fitness Gym,Friday,54,13:30,44.404761904761905,21,44.0,67.0,High
RIMAC Fitness Gym,Friday,55,13:45,43.8,20,44.5,69.5,High
RIMAC Fitness Gym,Friday,56,14:00,43.476190476190474,21,40.0,67.0,High
RIMAC Fitness Gym,Friday,57,14:15,43.6,20,43.0,64.75,High
RIMAC Fitness Gym,Friday,58,14:30,43.5,20,45.0,65.25,High
RIMAC Fitness Gym,Friday,59,14:45,46.76190476190476,21,42.0,73.0,High
RIMAC Fitness Gym,Friday,60,15:00,41.35,20,42.5,57.75,High
RIMAC Fitness Gym,Friday,61,15:15,45.0,21,43.0,67.0,High
RIMAC Fitness Gym,Friday,62,15:30,45.22222222222222,18,46.5,67.75,High
RIMAC Fitness Gym,Friday,63,15:45,48.81578947368421,19,51.0,66.0,High
RIMAC Fitness Gym,Friday,64,16:00,44.0,21,46.0,59.0,High
RIMAC Fitness Gym,Friday,65,16:15,43.26315789473684,19,41.0,62.5,High
RIMAC Fitness Gym,Friday,66,16:30,44.825,20,48.0,62.5,High
RIMAC Fitness Gym,Friday,67,16:45,49.38095238095238,21,49.0,70.0,High
RIMAC Fitness Gym,Friday,68,17:00,47.2,20,47.5,62.25,High
RIMAC Fitness Gym,Friday,69,17:15,48.225,20,46.0,64.5,High
RIMAC Fitness Gym,Friday,70,17:30,50.81578947368421,19,52.0,72.5,High
RIMAC Fitness Gym,Friday,71,17:45,51.425,20,56.0,72.0,High
RIMAC Fitness Gym,Friday,72,18:00,54.94444444444444,18,62.0,75.75,High
RIMAC Fitness Gym,Friday,73,18:15,53.05882352941177,17,53.0,76.0,High
RIMAC Fitness Gym,Friday,74,18:30,51.083333333333336,18,52.0,70.0,High
RIMAC Fitness Gym,Friday,75,18:45,51.026315789473685,19,56.0,66.0,High
RIMAC Fitness Gym,Friday,76,19:00,52.22222222222222,18,47.5,66.0,High
RIMAC Fitness Gym,Friday,77,19:15,52.44117647058823,17,53.0,67.0,High
RIMAC Fitness Gym,Friday,78,19:30,47.416666666666664,18,51.0,66.5,High
RIMAC Fitness Gym,Friday,79,19:45,45.59375,16,44.5,60.75,High
RIMAC Fitness Gym,Friday,80,20:00,36.85294117647059,17,34.0,53.0,High
RIMAC Fitness Gym,Friday,81,20:15,40.388888888888886,18,35.0,55.25,High
RIMAC Fitness Gym,Friday,82,20:30,37.30555555555556,18,36.0,51.75,High
RIMAC Fitness Gym,Friday,83,20:45,37.27777777777778,18,36.0,56.0,High
RIMAC Fitness Gym,Friday,84,21:00,48.4,10,44.0,53.75,Medium
RIMAC Fitness Gym,Friday,85,21:15,49.25,8,47.0,57.5,Medium
RIMAC Fitness Gym,Friday,86,21:30,49.22222222222222,9,47.0,59.0,Medium
RIMAC Fitness Gym,Friday,87,21:45,53.55555555555556,9,49.0,62.0,Medium
RIMAC Fitness Gym,Friday,88,22:00,51.22222222222222,9,51.0,58.0,Medium
RIMAC Fitness Gym,Friday,89,22:15,51.666666666666664,9,49.0,57.0,Medium
RIMAC Fitness Gym,Friday,90,22:30,42.0,9,41.0,47.0,Medium
RIMAC Fitness Gym,Friday,91,22:45,33.666666666666664,9,31.0,41.0,Medium
RIMAC Fitness Gym,Saturday,32,08:00,0.5588235294117647,17,1.0,1.0,High
RIMAC Fitness Gym,Saturday,33,08:15,11.11111111111111,18,8.5,12.5,High
RIMAC Fitness Gym,Saturday,34,08:30,19.710526315789473,19,15.0,21.5,High
RIMAC Fitness Gym,Saturday,35,08:45,21.13888888888889,18,13.0,21.75,High
RIMAC Fitness Gym,Saturday,36,09:00,24.0,19,14.0,28.0,High
RIMAC Fitness Gym,Saturday,37,09:15,26.38888888888889,18,20.0,33.0,High
RIMAC Fitness Gym,Saturday,38,09:30,28.22222222222222,18,21.5,38.75,High
RIMAC Fitness Gym,Saturday,39,09:45,28.666666666666668,18,23.5,34.5,High
RIMAC Fitness Gym,Saturday,40,10:00,28.676470588235293,17,21.0,37.0,High
RIMAC Fitness Gym,Saturday,41,10:15,29.583333333333332,18,25.0,37.25,High
RIMAC Fitness Gym,Saturday,42,10:30,29.558823529411764,17,27.0,31.0,High
RIMAC Fitness Gym,Saturday,43,10:45,30.13888888888889,18,24.5,39.75,High
RIMAC Fitness Gym,Saturday,44,11:00,32.55882352941177,17,25.0,43.0,High
RIMAC Fitness Gym,Saturday,45,11:15,32.22222222222222,18,27.5,44.75,High
RIMAC Fitness Gym,Saturday,46,11:30,35.13157894736842,19,31.0,45.0,High
RIMAC Fitness Gym,Saturday,47,11:45,43.233333333333334,15,40.0,62.0,High
RIMAC Fitness Gym,Saturday,48,12:00,33.75,18,26.5,42.25,High
RIMAC Fitness Gym,Saturday,49,12:15,36.18421052631579,19,38.0,52.0,High
RIMAC Fitness Gym,Saturday,50,12:30,33.44444444444444,18,31.5,48.25,High
RIMAC Fitness Gym,Saturday,51,12:45,34.80555555555556,18,35.5,49.0,High
RIMAC Fitness Gym,Saturday,52,13:00,33.911764705882355,17,35.0,47.0,High
RIMAC Fitness Gym,Saturday,53,13:15,32.6578947368421,19,31.0,48.0,High
RIMAC Fitness Gym,Saturday,54,13:30,32.588235294117645,17,30.0,45.0,High
RIMAC Fitness Gym,Saturday,55,13:45,31.36111111111111,18,32.0,40.0,High
RIMAC Fitness Gym,Saturday,56,14:00,30.444444444444443,18,31.0,39.0,High
RIMAC Fitness Gym,Saturday,57,14:15,30.305555555555557,18,28.5,38.0,High
RIMAC Fitness Gym,Saturday,58,14:30,30.57894736842105,19,32.0,43.0,High
RIMAC Fitness Gym,Saturday,59,14:45,31.42105263157895,19,29.0,46.0,High
RIMAC Fitness Gym,Saturday,60,15:00,31.75,18,30.5,47.75,High
RIMAC Fitness Gym,Saturday,61,15:15,33.76315789473684,19,33.0,43.0,High
RIMAC Fitness Gym,Saturday,62,15:30,33.61764705882353,17,34.0,46.0,High
RIMAC Fitness Gym,Saturday,63,15:45,35.588235294117645,17,37.0,44.0,High
RIMAC Fitness Gym,Saturday,64,16:00,32.970588235294116,17,35.0,42.0,High
RIMAC Fitness Gym,Saturday,65,16:15,34.083333333333336,18,36.0,44.0,High
RIMAC Fitness Gym,Saturday,66,16:30,33.73529411764706,17,32.0,49.0,High
RIMAC Fitness Gym,Saturday,67,16:45,36.72222222222222,18,36.5,46.5,High
RIMAC Fitness Gym,Saturday,68,17:00,36.8235294117647,17,31.0,50.0,High
RIMAC Fitness Gym,Saturday,69,17:15,38.05555555555556,18,36.0,43.75,High
RIMAC Fitness Gym,Saturday,70,17:30,36.705882352941174,17,32.0,48.0,High
RIMAC Fitness Gym,Saturday,71,17:45,36.705882352941174,17,37.0,47.0,High
RIMAC Fitness Gym,Saturday,72,18:00,39.28722222222222,18,37.0,51.5,High
RIMAC Fitness Gym,Saturday,73,18:15,37.96277777777778,18,39.0,48.832499999999996,High
RIMAC Fitness Gym,Saturday,74,18:30,39.68421052631579,19,35.0,55.5,High
RIMAC Fitness Gym,Saturday,75,18:45,38.13157894736842,19,31.0,47.5,High
RIMAC Fitness Gym,Saturday,76,19:00,38.76315789473684,19,35.0,51.0,High
RIMAC Fitness Gym,Saturday,77,19:15,40.05263157894737,19,38.0,51.0,High
RIMAC Fitness Gym,Saturday,78,19:30,37.05263157894737,19,35.0,42.5,High
RIMAC Fitness Gym,Saturday,79,19:45,34.1764705882353,17,36.0,40.0,High
RIMAC Fitness Gym,Saturday,80,20:00,38.0,10,43.0,50.0,Medium
RIMAC Fitness Gym,Saturday,81,20:15,39.8,10,42.0,53.0,Medium
RIMAC Fitness Gym,Saturday,82,20:30,38.9,10,44.0,46.75,Medium
RIMAC Fitness Gym,Saturday,83,20:45,38.5,10,42.0,50.25,Medium
RIMAC Fitness Gym,Saturday,84,21:00,39.1,10,44.0,49.25,Medium
RIMAC Fitness Gym,Saturday,85,21:15,40.4,10,42.5,52.0,Medium
RIMAC Fitness Gym,Saturday,86,21:30,41.3,10,40.5,49.25,Medium
RIMAC Fitness Gym,Saturday,87,21:45,44.9,10,45.0,52.0,Medium
RIMAC Fitness Gym,Saturday,88,22:00,44.4,10,48.0,50.75,Medium
RIMAC Fitness Gym,Saturday,89,22:15,41.7,10,47.5,51.0,Medium
RIMAC Fitness Gym,Saturday,90,22:30,36.8,10,38.5,45.5,Medium
RIMAC Fitness Gym,Saturday,91,22:45,23.77777777777778,9,27.0,28.0,Medium
RIMAC Fitness Gym,Sunday,32,08:00,1.0,17,0.0,1.0,High
RIMAC Fitness Gym,Sunday,33,08:15,11.38888888888889,18,9.5,12.5,High
RIMAC Fitness Gym,Sunday,34,08:30,16.973684210526315,19,13.0,20.0,High
RIMAC Fitness Gym,Sunday,35,08:45,24.416666666666668,18,19.0,25.0,High
RIMAC Fitness Gym,Sunday,36,09:00,24.77777777777778,18,21.5,26.75,High
RIMAC Fitness Gym,Sunday,37,09:15,27.166666666666668,18,23.0,27.5,High
RIMAC Fitness Gym,Sunday,38,09:30,27.36111111111111,18,21.5,30.75,High
RIMAC Fitness Gym,Sunday,39,09:45,29.263157894736842,19,25.0,32.0,High
RIMAC Fitness Gym,Sunday,40,10:00,29.07894736842105,19,24.0,35.5,High
RIMAC Fitness Gym,Sunday,41,10:15,29.68421052631579,19,23.0,36.5,High
RIMAC Fitness Gym,Sunday,42,10:30,28.105263157894736,19,21.0,33.0,High
RIMAC Fitness Gym,Sunday,43,10:45,30.294117647058822,17,25.0,35.0,High
RIMAC Fitness Gym,Sunday,44,11:00,31.88235294117647,17,29.0,31.0,High
RIMAC Fitness Gym,Sunday,45,11:15,29.210526315789473,19,21.0,33.0,High
RIMAC Fitness Gym,Sunday,46,11:30,29.5,19,23.0,32.5,High
RIMAC Fitness Gym,Sunday,47,11:45,31.833333333333332,18,28.5,36.0,High
RIMAC Fitness Gym,Sunday,48,12:00,29.25,18,26.0,36.75,High
RIMAC Fitness Gym,Sunday,49,12:15,31.176470588235293,17,29.0,41.0,High
RIMAC Fitness Gym,Sunday,50,12:30,31.58823529411765,17,28.0,45.0,High
RIMAC Fitness Gym,Sunday,51,12:45,29.11764705882353,17,27.0,37.0,High
RIMAC Fitness Gym,Sunday,52,13:00,30.11764705882353,17,27.0,38.0,High
RIMAC Fitness Gym,Sunday,53,13:15,31.823529411764707,17,30.0,37.0,High
RIMAC Fitness Gym,Sunday,54,13:30,31.52777777777778,18,28.5,36.75,High
RIMAC Fitness Gym,Sunday,55,13:45,31.5,18,26.5,35.0,High
RIMAC Fitness Gym,Sunday,56,14:00,30.916666666666668,18,26.5,32.5,High
RIMAC Fitness Gym,Sunday,57,14:15,32.083333333333336,18,31.0,36.5,High
RIMAC Fitness Gym,Sunday,58,14:30,31.710526315789473,19,29.0,38.0,High
RIMAC Fitness Gym,Sunday,59,14:45,30.789473684210527,19,29.0,35.5,High
RIMAC Fitness Gym,Sunday,60,15:00,30.36842105263158,19,29.0,37.0,High
RIMAC Fitness Gym,Sunday,61,15:15,31.18421052631579,19,26.0,37.0,High
RIMAC Fitness Gym,Sunday,62,15:30,34.13157894736842,19,31.0,40.5,High
RIMAC Fitness Gym,Sunday,63,15:45,35.026315789473685,19,30.0,39.5,High
RIMAC Fitness Gym,Sunday,64,16:00,37.89473684210526,19,28.0,42.5,High
RIMAC Fitness Gym,Sunday,65,16:15,37.63157894736842,19,31.0,41.0,High
RIMAC Fitness Gym,Sunday,66,16:30,41.26315789473684,19,37.0,47.5,High
RIMAC Fitness Gym,Sunday,67,16:45,40.68421052631579,19,38.0,44.5,High
RIMAC Fitness Gym,Sunday,68,17:00,40.55263157894737,19,38.0,49.0,High
RIMAC Fitness Gym,Sunday,69,17:15,42.44736842105263,19,38.0,53.5,High
RIMAC Fitness Gym,Sunday,70,17:30,41.611111111111114,18,43.0,54.5,High
RIMAC Fitness Gym,Sunday,71,17:45,38.973684210526315,19,39.0,48.0,High
RIMAC Fitness Gym,Sunday,72,18:00,40.916666666666664,18,39.5,43.0,High
RIMAC Fitness Gym,Sunday,73,18:15,41.23684210526316,19,37.0,51.75,High
RIMAC Fitness Gym,Sunday,74,18:30,40.94736842105263,19,32.0,50.5,High
RIMAC Fitness Gym,Sunday,75,18:45,41.388888888888886,18,36.0,51.75,High
RIMAC Fitness Gym,Sunday,76,19:00,42.421052631578945,19,37.0,50.0,High
RIMAC Fitness Gym,Sunday,77,19:15,41.19444444444444,18,37.5,48.5,High
RIMAC Fitness Gym,Sunday,78,19:30,39.94444444444444,18,35.5,47.25,High
RIMAC Fitness Gym,Sunday,79,19:45,40.029411764705884,17,37.0,50.0,High
RIMAC Fitness Gym,Sunday,80,20:00,34.81818181818182,11,36.0,46.0,Medium
RIMAC Fitness Gym,Sunday,81,20:15,39.4,10,39.0,46.0,Medium
RIMAC Fitness Gym,Sunday,82,20:30,44.6,10,44.0,52.5,Medium
RIMAC Fitness Gym,Sunday,83,20:45,47.4,10,43.0,56.0,Medium
RIMAC Fitness Gym,Sunday,84,21:00,46.7,10,45.0,51.25,Medium
RIMAC Fitness Gym,Sunday,85,21:15,48.4,10,45.5,57.25,Medium
RIMAC Fitness Gym,Sunday,86,21:30,50.1,10,48.5,58.75,Medium
RIMAC Fitness Gym,Sunday,87,21:45,50.2,10,52.0,58.75,Medium
RIMAC Fitness Gym,Sunday,88,22:00,48.5,10,50.0,56.25,Medium
RIMAC Fitness Gym,Sunday,89,22:15,44.5,10,42.5,51.75,Medium
RIMAC Fitness Gym,Sunday,90,22:30,33.9,10,38.0,44.75,Medium
RIMAC Fitness Gym,Sunday,91,22:45,25.72222222222222,9,30.0,32.0,Medium
RIMAC Fitness Gym,Sunday,92,23:00,0.0,1,0.0,0.0,Low
